{
  "ui_kits/ratehub_web/Header.jsx": 1776606283.0,
  "ui_kits/ratehub_web/components.jsx": 1776606283.0,
  "ui_kits/ratehub_web/ProductCategoryGrid.jsx": 1776606283.0,
  "ui_kits/ratehub_web/SavingsShowcase.jsx": 1776606283.0,
  "ui_kits/ratehub_web/Footer.jsx": 1776606283.0,
  "ui_kits/ratehub_web/HeroBanner.jsx": 1776606283.0,
  "ui_kits/ratehub_web/MortgageRateTable.jsx": 1776606283.0,
  "ui_kits/ratehub_web/TrustStrip.jsx": 1776606283.0,
  "ui_kits/ratehub_web/CardFinder.jsx": 1776606283.0,
  "ui_kits/ratehub_web/HeroBannerV2.jsx": 1776617823.8665721,
  "ui_kits/ratehub_web/FeaturedIn.jsx": 1776610636.099432,
  "ui_kits/ratehub_web/EducationStrip.jsx": 1776606283.0,
  "ui_kits/ratehub_web/MortgageCalculator.jsx": 1776610571.0068443,
  "src/Header.jsx": 1776792546.6732373,
  "src/components.jsx": 1776619275.2899518,
  "src/MembersDashboard.jsx": 1776792535.8613143,
  "src/SavingsShowcase.jsx": 1776778094.5215962,
  "src/Footer.jsx": 1776778080.720774,
  "src/MortgageRateTable.jsx": 1776619237.8699503,
  "src/TrustStrip.jsx": 1776778078.5516322,
  "src/CardFinder.jsx": 1776778048.4428813,
  "src/HomeValueEstimator.jsx": 1776867111.8211806,
  "src/HeroBannerV2.jsx": 1776778206.0740824,
  "src/FeaturedIn.jsx": 1776778076.4775696,
  "src/EducationStrip.jsx": 1776778075.3313642,
  "src/MortgageCalculator.jsx": 1776778193.8700764,
  "index.html": 1776792542.6000082,
  "README.md": 1776620459.7564206,
  "SKILL.md": 1776606282.0,
  "DESIGN-SYSTEM-WORKFLOW-GUIDE.md": 1776781788.9749937,
  "CLAUDE.md": 1776779756.5521405,
  "ui_kits/ratehub_web/index.html": 1776606283.0,
  "ui_kits/ratehub_web/index_redesign.html": 1776617984.1058867,
  "ui_kits/ratehub_web/README.md": 1776606283.0,
  "preview/brand_shapes.html": 1776606283.0,
  "preview/buttons_variants.html": 1776606283.0,
  "preview/buttons_primary.html": 1776606283.0,
  "preview/radii.html": 1776606283.0,
  "preview/checkmarks_stars.html": 1776606283.0,
  "preview/type_display.html": 1776606283.0,
  "preview/type_signature_dot.html": 1776606283.0,
  "preview/spacing_scale.html": 1776606283.0,
  "preview/colors_mint_lime.html": 1776606283.0,
  "preview/shadows.html": 1776606283.0,
  "preview/colors_semantic.html": 1776606283.0,
  "preview/rate_row.html": 1776606283.0,
  "preview/colors_blueberry.html": 1776606283.0,
  "preview/category_chooser.html": 1776606283.0,
  "preview/colors_neutrals.html": 1776606283.0,
  "preview/logos.html": 1776606283.0,
  "preview/icons.html": 1776606283.0,
  "preview/colors_watermelon_strawberry_grape.html": 1776606283.0,
  "preview/form_inputs.html": 1776606283.0,
  "preview/colors_yuzu_tangerine.html": 1776606283.0,
  "preview/pills_tags.html": 1776606283.0,
  "preview/type_body.html": 1776606283.0,
  "uploads/pasted-1776605484990-0.png": 1776606283.0,
  "preview/ui_kit_home.jpg": 1776606283.0,
  "assets/brand/two-dots.svg": 1776606282.0,
  "assets/brand/background-circle.svg": 1776606282.0,
  "assets/brand/favicon-32x32.png": 1776606282.0,
  "assets/logos/ratehub_full_dark.svg": 1776606283.0,
  "assets/logos/ratehub_lettermark_light.svg": 1776606283.0,
  "assets/logos/ratehub_lettermark_dark.svg": 1776606283.0,
  "assets/logos/canwise_light.svg": 1776606282.0,
  "assets/logos/r_logo_300x300.png": 1776606283.0,
  "assets/logos/rh_insurance_light.svg": 1776606283.0,
  "assets/logos/ratehub_full_light.svg": 1776606283.0,
  "assets/logos/moneysense_light.svg": 1776606282.0,
  "assets/icons/lightning.svg": 1776606282.0,
  "assets/icons/search.svg": 1776606282.0,
  "assets/icons/checkmark.svg": 1776606282.0,
  "assets/icons/house.svg": 1776606282.0,
  "assets/icons/umbrella.svg": 1776606282.0,
  "assets/icons/user.svg": 1776606282.0,
  "assets/icons/dollar.svg": 1776606282.0,
  "assets/icons/search-icon-blue.svg": 1776606282.0,
  "assets/icons/chevron-down.svg": 1776606282.0,
  "assets/icons/maple-leaf.svg": 1776606282.0,
  "assets/icons/chevron-up.svg": 1776606282.0,
  "assets/icons/x.svg": 1776606282.0,
  "assets/icons/bar-chart.svg": 1776606282.0,
  "assets/icons/lock.svg": 1776606282.0,
  "assets/icons/plane.svg": 1776606282.0,
  "assets/icons/chevron-right.svg": 1776606282.0,
  "assets/icons/ratehub.svg": 1776606282.0,
  "assets/icons/arrow-right.svg": 1776606282.0,
  "assets/icons/shield.svg": 1776606282.0,
  "assets/icons/wallet.svg": 1776606282.0,
  "assets/icons/trophy.svg": 1776606282.0,
  "assets/icons/plus.svg": 1776606282.0,
  "assets/icons/refresh.svg": 1776606282.0,
  "assets/icons/award.svg": 1776606282.0,
  "assets/icons/trending.svg": 1776606282.0,
  "assets/icons/star.svg": 1776606282.0,
  "assets/icons/credit-card.svg": 1776606282.0,
  "assets/icons/phone.svg": 1776606282.0,
  "assets/icons/question-mark.svg": 1776606282.0,
  "assets/icons/light-bulb.svg": 1776606282.0,
  "assets/icons/gift.svg": 1776606282.0,
  "assets/icons/car.svg": 1776606282.0,
  "assets/icons/conversation.svg": 1776606282.0,
  "assets/icons/speech-bubble.svg": 1776606282.0,
  "assets/icons/map-pin.svg": 1776606282.0,
  "assets/icons/arrow-left.svg": 1776606282.0,
  "assets/icons/calculator.svg": 1776606282.0,
  "assets/icons/piggy.svg": 1776606282.0,
  "assets/icons/minus.svg": 1776606282.0,
  "assets/icons/chevron-left.svg": 1776606282.0,
  "assets/icons/heart.svg": 1776606282.0
}